judul;isi
Batalkan Pemesanan 49 Pesawat 737 Max 8, Dirut Garuda Bertemu Boeing Pekan Depan;"JAKARTA, KOMPAS.com  - Pihak Maskapai  Garuda Indonesia membatalkan pemesanan 49 unit pesawat  Boeing 737 Max 8. Terkait hal itu, Direktur Utama Garuda Indonesia Ari Askhara akan bertemu dengan petinggi perusahaan manufaktur pesawat asal Amerika Serikat Boeing pada pekan depan.
“Minggu depan saya ketemu petinggi Boeing. Mereka akan datang ke Indonesia,” kata Ari seperti dilansir Antara di Jakarta, Jumat (22/3/2019).
Dia mengatakan, pihaknya telah mengajukan pembatalan tersebut, dan kemungkinan juga mengusulkan penggantian dengan jenis pesawat lain.
“Kemungkinan (penukaran) itu ada, tapi saat ini belum mengajukan opsi ke Boeing, baru cancel saja,” katanya.
Baca juga: Garuda Indonesia Kurangi Pemesanan Pesawat Boeing 737 Max 8
Dari total 50 unit pesawat  Boeing 737 Max 8 yang dipesan Garuda, baru satu yang sudah datang dan dioperasikan untuk penerbangan domestik.
Namun, dia mengaku masih belum dibahas terkait satu unit Boeing 737 Max 8 yang sudah beroperasi tersebut. “Belum dibahas,” kata Ari.
Terkait biaya yang sudah dikeluarkan untuk pembelian pesawat tersebut, Ari mengatakan semua dibeli menggunakan skema pembiayaan (leasing). “Kami enggak ada capital expenditure tapi operational expenditure,” katanya.
Menurut dia, pembatalan tersebut karena hilangnya kepercayaan publik terhadap pesawat Boeing 737 Max 8 setelah mengalami dua kali kecelakaan, yakni Lion Air JT 610 dan Ethiophian Airlines ET 302.
Terlebih, sejumlah otoritas penerbangan Uni Eropa dan Amerika Serikat Federal Aviation Administration sudah melarang sementara pengoperasian jenis pesawat tersebut.
Baca juga: Pemerintah RI Resmi Larang Terbang Boeing 737 Max 8"
BRI Perkuat Kerja Sama dengan TNI AD;"KOMPAS.com - PT  Bank Rakyat Indonesia ( BRI) Tbk bersama Markas Besar TNI Angkatan Darat (AD) kembali memperkuat kerja sama dalam bidang penyediaan layanan  perbankan.
Melalui rilis BRI yang diterima oleh tim Kompas.com, Jumat (22/3/2019), terjalinnya kerja sama ini merupakan bagian komitmen BRI dalam memfasilitasi kemudahan transaksi perbankan di lingkup lembaga atau institusi.
Dalam perwujudannya, kerja sama ini lantas disahkan melalui Perjanjian Kerja Sama (PKS) tentang Penggunaan dan Pemberian Jasa Pelayanan Bank bagi Kesatuan  TNI AD.
Penandatanganan PKS tersebut dilakukan oleh Direktur Hubungan Kelembagaan Bank BRI Sis Apik Wijayanto dan Direktur Keuangan Angkatan Darat (AD) Brigadir Jendral (Brigjen) TNI Temas di Markas Besar AD, Jakarta, Kamis (21/3).
Sementara itu, Direktur Utama BRI Suprajarto dan Kepala Staf TNI AD (KASAD) Jenderal TNI Andika Perkasa juga turut hadir bertugas sebagai saksi.
“Kami berupaya memberikan berbagai fasilitas layanan perbankan yang dibutuhkan TNI AD dalam upaya pengelolaan keuangan yang lebih optimal,” ungkap Suprajarto.

Selain itu, melalui kerja sama ini BRI akan pula memberikan fasilitas tambahan bagi prajurit dan pegawai yang berada di lingkungan TNI AD. Mereka dapat menerima gaji dan tunkin melalui tabungan BRI BritAma serta fasilitas pinjaman kepada prajurit dengan suku bunga yang kompetitif.
Para pekerja di lingkungan TNI AD pun nantinya dapat menikmati berbagai produk-produk perkreditan BRI. Diantaranya adalah BRIGuna, KPR BRI, dan KKB BRI.
Dari segi proteksi, BRI memberikan asuransi personal accident atau asuransi kecelakaan diri secara gratis kepada anggota dan pegawai negeri sipil (PNS) di lingkungan satuan TNI AD yang memiliki tabungan BritAma BRI.
Tak berhenti sampai di situ, untuk kesejahteraan anggota prajurit dan PNS TNI AD yang telah pensiun, BRI juga memberikan layanan pengelolaan Dana Pensiun Lembaga Keuangan (DPLK)."
Inflasi Terus Turun di Kuartal 1 2019, Nilai Tukar Cenderung Stabil;"JAKARTA, KOMPAS.com - Gubernur  Bank Indonesia  Perry Warjiyo mengatakan inflasi terus menurun di kuartal 1 tahun ini sehingga menyebabkan  nilai tukar rupiah stabil. Hal tersebut diutarakannya dalam wawancara di komplek Masjid Bank Indonesia, Jumat (22/3/2019).
""Inflasi tetap rendah dan semakin turun. Bulan Januari 2019 hanya sekitar 2,82 persen, Februari 2,57 persen, dan untuk Maret berdasarkan survei pemantauan harga kami minggu ke-3 sebesar 2,47 persen,"" ucap Perry Warjiyo di Komplek Masjid Bank Indonesia, Jumat (22/3/2019).
Berdasarkan pantauan harga Bank Indonesia, Perry menyebut inflasi month to month diperkirakan hanya 0,10 persen, dan year to year sebesar 2,47 persen. Ia juga menyebut, inflasi tahun ini diprediksi akan dibawah 3,5 persen. Karena inflasi yang terus turun, nilai tukar rupiah menjadi stabil.
""Karena kondisi ekonomi kita di dalam negeri inflasinya rendah, untuk nilai tukar kita relatif stabil,"" sebutnya.
Perry mengatakan harga komoditas pun menunjukkan inflasi yang rendah meskipun terdapat kenaikan di beberapa bahan pangan seperti bawang merah, bawang putih, angkutan udara, cabai rawit, dan air minum kemasan.
Untuk daging ayam ras, telur, sayur-mayur beras, dan lain-lain Perry mencatat adanya deflasi (penurunan harga).
""Dari informasi itu, harga-harga tetap rendah terkendali. Kebutuhan pangan cukup terpenuhi, dan juga harga-harga lain,"" kata Perry."
Inflasi Rendah, Gejolak Global Mereda, Kok Suku Bunga Acuan BI Tidak Turun?;"JAKARTA, KOMPAS.com - Bank Indonesia (BI) memilih untuk menahan suku bunga acuan di angka 6 persen. Keputusan itu diambil setelah rapat Dewan Gubernur BI, Jakarta, Kamis (21/3/2019).
Namun keputusan itu mengundang pertanyaan mengapa BI tidak menurunkan suku bunganya.
Sebab inflasi terjaga di bawah 3 persen dan gejolak global juga relatif mereda karena Bank Sentral AS, The Fed memilih untuk menahan suku bunganya.
""Ya itu dia diskresinya Bank Sentral,"" ujar Menteri Koordinator  Darmin Nasution, Jakarta, Jumat (22/3/2019).
Baca juga: BI Tahan Suku Bunga Acuan Tetap 6 Persen
Darmin yakin banyak orang yang ingin Bank Indonesia menurunkan suku bunganya. Sebab penurunan suku bunga bisa membuat bunga di bank-bank lebih rendah.
Darmin juga yakin Otoritas Jasa Keuangan (OJK) akan punya pemikiran yang berbeda dengan BI soal suku bunga.
""Ya itulah memang plus dan minusnya (BI lembaga) independen. Mereka berhitung dengan cara mereka sendiri. Saya tidak mau menebak gimana mereka berpikir,"" kata dia.
Meski mengaku ""ogah"" menebak cara berpikir BI, Darmin mengatakan bahwa kemungkinan kebijakan menahan suku bunga dilandasi upaya menjaga nilai tukar rupiah.
Sebab bila suku bunga tinggi, maka para investor akan tertarik memadukan modalnya ke Indonesia. Aliran masuk modal asing tersebut bisa membuat nilai tukar rupiah kuat.
Sebab aliran modal asing membuat permintaan rupiah kian besar, dengan demikian nilai tukar terhadap dollar AS pun akan menguat.
Tahun lalu BI menaikkan suku bunga hingga 6 kali saat nilai tukar rupiah terpukuk. Hal itu dilakukan agar modal asing masuk (capital inflow) sementara modal yang ada di Indonesia tidak keluar (capital outflow).
Sebelumnya, Bank Indonesia memutuskan menahan untukmempertahankan BI 7-day Reverse Repo Rate (BI7DRR) sebesar 6 persen.
Selain itu suku bunga Deposit Facility juga tetap sebesar 5,25 persen, dan suku bunga Lending Facility sebesar 6,75 persen.
Direktur Eksekutif Departemen Komunikasi BI Onny Widjanarko mengatakan, keputusan tersebut konsisten dengan upaya memperkuat stabilitas eksternal perekonomian, khususnya untuk mengendalikan defisit transaksi berjalan dalam batas yang aman.
Selain itu juga untuk mempertahankan daya tarik aset keuangan domestik. Sementara itu kebijakan suku bunga dan nilai tukar tetap difokuskan pada stabilitas eksternal.
"
"Darmin ke Uni Eropa: Setelah ""You"" Makmur, Apa RI Enggak Boleh Kaya?";"JAKARTA, KOMPAS.com — Menteri Koordinator Perekonomian Darmin Nasution menyatakan bahwa pemerintah tidak gentar dengan  Uni Eropa yang siap membawa persoalan diskriminasi minyak kelapa  sawit (CPO) ke Organisasi Perdagangan Dunia ( WTO).
""Boleh-boleh saja mereka pede (percaya diri). Memangnya ya kan silakan saja (pede), kami enggak risau dengan itu,"" ujarnya di Kantor Kemenko Perekonomian, Jakarta, Jumat (22/10/2019).
""Kami tahu, yakin dia diskriminatif. Coba lihat sudah diskriminatif secara komoditasnya mengapa dikelompokkan sawit itu high risk untuk deforestasi?"" ujar Darmin.
Mantan Gubernur Bank Indonesia itu mengatakan, bila bicara soal deforestasi atau pengulangan hutan, negara-negara Eropa sudah melakukannya sejak 150-200 tahun yang lalu.
Hal itu kata dia terbukti dengan luasan perkebunan bunga matahari di Eropa yang mungkin 20 kali lipat dari lahan yang dipakai untuk perkebunan kelapa sawit.
Seperti diketahui, bunga matahari juga tanaman yang menghasilkan minyak nabati, seperti kelapa sawit.
""Masalahnya dia lakukan itu 150 tahun lalu setelah dia tebangi hutannya. Kemudian dia tiba-tiba bilang sekarang 'kamu enggak boleh'. Lho emangnya setelah you makmur, kita enggak boleh (kaya)?"" kata dia.
Darmin mengatakan, bila Uni Eropa mengadopsi Delegeted Act yang mendiskriminasi CPO, CPO Indonesia dilarang digunakan untuk biodiesel.
Padahal, negara-negara Eropa adalah pasar besar bagi CPO karena konsumsi biodiesel yang tinggi, sedangkan komoditas penghasil minyak nabati lain tidak diterapkan hal yang sama.
Sebelumnya, Duta Besar Uni Eropa untuk Indonesia Vincent Guerend angkat bicara terkait memanasnya hubungan RI dengan Uni Eropa.
Ia menilai rencana Indonesia membawa persoalan CPO ke WTO bisa jadi jalan terbaik yang harus ditempuh untuk menyelesaikan persolan tersebut.
""Saya kira kalau ada ketidaksepakatan dalam perdagangan, ini harus di-challenge di WTO dan ini adalah jalan terbaik,"" ujarnya di kantor Kementerian Luar Negeri, Jakarta, Rabu (20/3/2019)."
Otoritas Penerbangan AS dan Kanada Ragukan Sertifikasi FAA;"JAKARTA, KOMPAS.com - Harapan perusahaan Boeing agar pesawat tipe B737 Max 8 dan 9 yang saat ini dilarang terbang di seluruh dunia dapat segera kembali mengudara kemungkinan tak akan terpenuhi dalam waktu dekat.
Mengutip Kontan.co.id via DW.com, Jumat (22/3/2019) otoritas penerbangan Eropa dan Kanada mengatakan, mereka akan melakukan pemeriksaan sendiri, sekalipun otoritas Amerika Serikat  FAA nantinya sudah mengijinkan pesawat 737 Max terbang lagi.
Setelah jatuhnya pesawat Ethiopian Airlines 10 Maret lalu, beberapa negara langsung bereaksi dan melarang pesawat Boeing tipe 737 Max terbang di ruang udaranya. Namun ketika itu Boeing masih bersikeras bahwa pesawatnya aman. Otoritas penerbangan AS, FAA, juga mengikuti pandangan Boeing dan tidak melarang penerbangan Max 737.
Setelah makin banyak negara memberlakukan larangan terbang, akhirnya Presiden AS Donald Trump bereaksi dan mengeluarkan larangan terbang, yang harus titaati oleh FAA. Sikap FAA dalam insiden ini membuat kredibilitasnya sekarang dipertanyakan.
Otoritas penerbangan Eropa dan Kanada kini menyatakan tidak akan begitu saja menerima penilaian FAA dan akan melakukan kebijakan pengawasan tersendiri. Langkah ini bisa meredam ambisi Boeing yang hingga kini menawarkan pembaruan piranti lunak untuk pesawat yang bermasalah.
Boeing tadinya berhadap bisa menyiapkan ""software update"" sampai hari Senin minggu depan. Setelah itu FAA diharapkan mensertifikasi modifikasi tersebut dan mengijinkan 737 Max terbang lagi.
Biasanya, kebanyakan negara akan mengikuti keputusan FAA dan mengijinkan pernerbangan pesawat yang sudah disertifikasi oleh lembaga itu. Namun reputasi FAA kini makin tersungkur.
Air Canada berencana untuk menghapus  Boeing 737 Max dari jadwal penerbangannya setidaknya sampai 1 Juli mendatang. Beberapa rute yang sebelumnya dilayani dengan pesawat bermasalah itu sekarang dihapus.
Maskapai AS American Airlines, Southwest Airlines, dan United Airlines, yang sedikit lebih tidak bergantung pada 737 Max daripada Air Canada, berusaha mempertahankan jadwal terbang dengan pesawat pengganti. Namun mereka tetap harus membatalkan beberapa penerbangan.
Setelah jatuhnya pesawat Lion Air B737 Max 8 pada 29 Oktober lalu di Indonesia, banyak indikasi sudah mengarah pada masalah software yang mengendalikan penerbangan, ketika satu sensor di hidung pesawat yang mengukur sudut terbang tidak berfungsi. Boeing ketika itu mulai memperbaiki softwarenya, namun bersikeras pesawatnya tetap aman untuk terbang.
Otoritas penerbangan AS FAA ketika itu juga menyatakan bahwa pesawat itu aman untuk diterbangkan, sampai pesawat Ethiopian Airlines jatuh dekat Addis Abeba dua minggu lalu. Data satelit menunjukkan bahwa pesawat itu bereaksi seperti pesawat Lion Air tidak lama setelah lepas landas, dan akhirnya menukik tanpa kendali ke laut.
Penanganan masalah 737 Max oleh FAA setelah jatuhnya pesawat Ethiopian Airlines merusak reputasinya di antara regulator penerbangan lainnya, kata James Hall, mantan ketua Dewan Keselamatan Transportasi Nasional AS.
""FAA harus lebih transparan tentang penyelidikannya, dan harus mewajibkan pilot berlatih untuk Max pada simulator penerbangan"", kata Hall, karena ""itulah cara pilot berlatih hari ini, bukan pada iPad.""
Untuk menghemat biaya dan mempercepat prosedur pengiriman pesawat baru, Boeing diberitakan hanya melakukan pelatihan cepat lewat iPad untuk tipe 737 Max. Namun FAA tetap memberikan ijin beroperasi untuk pesawat ini.
Sekarang Departemen Kehakiman AS melakukan investigasi baik terhadap Boeing maupun terhadap FAA. Kedua pihak juga dipanggil menghadap Komisi di Senat AS 27 Maret mendatang untuk memberi keterangan tentang 737 Max.
Menteri Transportasi AS Elaine Chao secara resmi menugaskan pejabatnya untuk mengaudit penanganan FAA dalam kecelakaan Lion Air maupun Ethiopian Airlines. Polisi federal FBI kini juga dilibatkan dalam investigasi sistem pengawasan dan sertifikasi di FAA dan pada perusahaan Boeing.
Boeing sendiri menolak berkomentar mengenai hal itu. Pesawat 737 Max adalah versi terbaru yang paling hemat bahan bakar dan dimaksudkan untuk mengganti Boeing 737 lama yang sudah berusia setengah abad dan merupakan pesawat terlaris Boeing. Sekarang, kontrak penjualan untuk sekitar 4600 pesawat 737 Max yang sudah dipesan berbagai maskapai penerbangan, dibekukan untuk sementara.

Artikel ini telah tayang di Kontan.co.id dengan judul: Otoritas Penerbangan Eropa dan Kanada Ragukan Sertifikasi FAA"
RI Didiskriminasi soal CPO, Uni Eropa Klaim Telah Patuhi WTO;"JAKARTA, KOMPAS.com - Uni Eropa mengklaim sudah mematuhi aturan Organisasi Perdagangan Dunia ( WTO) terkait Delegeted Act, aturan yang ditentang oleh Indonesia.
Delegeted Act ditentang Indonesia  karena melarang CPO digunakan untuk biofuel. CPO juga dimasukkan sebagai komoditas berisiko tinggi.
""Kami menganggap RED II (Renewable Energy Directive) dan Delegated Act sudah sesuai dengan WTO,"" tulis Uni Eropa dalam siaran persnya, Jumat (22/3/2019).
Uni Eropa mengatakan, Delegeted Act merupakan turunan dari REDII yang mengamatkaan pengurangan bertahap biofuel dari jenis tertentu dalam pemenuhan target energi terbarukan pada 2024.
Uni Eropa menyebut Delegated Act  didasarkan pada data ilmiah terbaik yang tersedia (2008-2015).
Dari data itu, Uni Eropa menyebut terdapat kaitan antara  kelapa sawit dan tingkat deforestasi tertinggi dari 2008-2015. Sebanyak 45 persen dari ekspansi kelapa sawit disebut terjadi di daerah dengan cadangan karbon tinggi.
Uni Eropa menilai REDII dan Delegated Act memenuhi aturan WTO karena menetapkan kriteria keberlanjutan untuk biofuel dan biomassa yang bersifat global, obyektif dan tidak diskriminatif.
Selain itu kriteria keberlanjutan REDII juga diklaim tidak membatasi akses pasar biofuel impor ke Uni Eropa.
""Aturan pelaksanaan dari Komisi Eropa ini bukan suatu awal maupun akhir dari proses kebijakan,"" kata Vincent Guérend, Duta Besar Uni Eropa untuk Indonesia.
""Ini merupakan satu lagi langkah dalam perjalanan panjang dan bersama menuju pembangunan berkelanjutan dan netralitas karbon,""  sambung dia.
Sebelumnya, pemerintah menyampaikan keberatan atas draf Delegeted Act dari Komisi Eropa yang mengklasifikasikan minyak kelapa sawitsebagai komoditas tidak berkelanjutan dan berisiko tinggi.
Dalam waktu dua bulan paling lama, parlemen Uni Eropa akan mengambil keputusan terkait Delegeted Act tersebut apakah akan diadopsi atau tidak.
Namun Menteri Perekonomian Darmin Nasution menegaskan, pemerintah tak segan melaporkan persoalan ini ke WTO bila Uni Eropa benar-benar mengadopsi Delegeted Act tersebut."
Kemenhub Dukung Implementasi Traffic Separation Scheme di Selat Sunda dan Lombok;"JAKARTA, KOMPAS.com - Kemenhub melalui Direktorat Kesatuan Penjagaan Laut dan Pantai (KPLP) siap mengawal implementasi Traffic Separation Scheme (TSS) di  Selat Sunda dan Selat Lombok sebagaimana yang diminta oleh International Maritime Organization (IMO) pada Januari 2019 lalu.
Pengawalan ini dilakukan dengan berbagai macam upaya seperti patroli dan menyiapkan quick response team termasuk di area yang dekat dengan Particularly Sensitive Sea Area (PSSA).
“Sejak awal kami telah mempersiapkan jajarannya untuk mengawal implementasi TSS dengan melaksanakan patroli serta menyiapkan quick response team terkait dengan kecelakaan/musibah pelayaran termasuk di area yang dekat dengan PSSA di area Gili Trawangan Lombok dan sekitarnya,” ujar Direktur KPLP Ahmad dalam siaran pers, Jumat (22/3/2019).
Menurut Ahmad, patroli di perairan Selat Sunda dan Selat Lombok akan terus dilaksanakan karena KPLP memiliki fungsi komando dalam penegakan aturan. Apalagi, IMO terus memonitor pelaksanaan dan implementasinya.
“Selain itu, KPLP juga memiliki fungsi komando dalam penegakan aturan di bidang keselamatan dan keamanan pelayaran. Karenanya, pelaksanaan patroli di perairan Selat Sunda dan Lombok akan terus kami laksanakan mengingat IMO terus memonitor pelaksanaan dan implementasinya,” kata Ahmad.
Mengenai pembentukan quick response team, nantinya akan dilaksanakan secara terpadu dan didukung oleh Pangkalan PLP, Distrik Navigasi, Stasiun Radio Pantai (SROP) dan pihak terkait lainnya.
Selain mempersiapkan patroli dan quick response team, KPLP juga melakukan persiapan pemenuhan sarana dan prasarana penunjang keselamatan pelayaran di area TSS.
Pengawalan ini sudah menjadi tugas bersama bagi Indonesia sampai diadopsi pada Sidang IMO Maritime Safety Committee (MSC) ke-101 Juni 2019 mendatang, dan mulai diberlakukan pada Juni 2020.
Untuk itu diperlukan koordinasi dan konsolidasi secara intensif dengan para instansi terkait.
“Untuk itu, diperlukan koordinasi dan konsolidasi secara intensif dengan para instansi dan stakeholder terkait untuk bersama-sama mempersiapkan dengan baik, agar TSS di Selat Sunda dan Selat Lombok ini dapat secara resmi diimplementasikan dengan baik dan lancar pada tahun 2020 mendatang,” imbuh Ahmad."
Kemenhub Kerahkan Satu Kapal untuk Angkut Bantuan ke Sentani;"JAKARTA, KOMPAS.com - Kementerian Perhubungan ( Kemenhub) mengerahkan satu unit  Kapal Kenavigasian KN Bepondi untuk mengangkut bantuan kemanusiaan bagi korban  banjir bandang di  Sentani, Jayapura, Papua.
Direktur Jenderal Perhubungan Laut, R Agus H Purnomo mengatakan bahwa pihaknya telah menginstruksikan Unit Pelaksana Teknis (UPT) di lingkungan Ditjen Perhubungan Laut khususnya di wilayah Papua dan Papua Barat untuk segera memberikan bantuan kemanusiaan ke wilayah yang terdampak banjir bandang di Sentani, Jayapura.
""Saya beserta jajaran Ditjen Perhubungan Laut turut bersimpati atas musibah banjir bandang yang terjadi di Kabupaten Sentani, Jayapura pada beberapa waktu lalu. Saya juga menginstruksikan agar UPT Ditjen Perhubungan Laut di wilayah Papua dan sekitarnya untuk memberikan bantuan kepada para korban yang terdampak banjir bandang,"" ujar Agus dalam keterangan tertulisnya, Jumat (22/3/2019).
Baca juga: BRI Salurkan Bantuan Rp 150 Juta untuk Korban Banjir Bandang Sentani
Kapal Kenavigasian KN Bepondi yang mengangkut bantuan kemanusiaan telah tiba di pesisir Distrik Rafenirara, salah satu distrik di Kabupaten Sentani, Jayapura yang terkena dampak banjir bandang.
""Bantuan pertama dari Majelis Rakyat Papua (MRP) dan sumbangan dari Disnav Jayapura telah diangkut dengan  kapal Kenavigasian KN. Bepondi yang tiba semalam dan langsung disalurkan ke korban banjir bandang di distrik Rafenirara hari ini,"" kata Agus.
Sementara itu, Kepala Kantor Distrik Navigasi Kelas II Jayapura, Heston Simanjuntak mengatakan bahwa sesuai instruksi Dirjen Perhubungan Laut, pihaknya langsung berkoordinasi dengan Pemda setempat dan stakeholder terkait untuk bersama-sama memberikan bantuan kemanusiaan.
Baca juga: Tak Terdampak Banjir, Bandara Sentani Beroperasi Normal
""Beberapa waktu lalu, Majelis Rakyat Papua mengirimkan surat kepada kami untuk meminta bantuan kapal guna mengangkut barang-barang sembako ke wilayah yang terdampak banjir bandang dan hari ini barang-barang tersebut disalurkan ke korban banjir bandang di distrik Rafenirara,"" kata Heston.
Selain itu, Distrik Navigasi Jayapura juga memberikan bantuan speed boat untuk dioperasikan di danau Sentani mengingat air di danau masih tinggi sehingga dibutuhkan speed boat untuk mobilisasi bantuan.
Lebih lanjut menurut Heston, Distrik Navigasi Jayapura membuka posko bantuan kemanusiaan untuk korban banjir bandang Sentani dan menerima sumbangan dari masyarakat untuk selanjutnya akan diangkut dengan kapal Kenavigasian.
Selain membuka Posko Bantuan Kemanusiaan di Distrik Navigasi Jayapura, Kantor Kesyahbandaran dan Otoritas Pelabuhan (KSOP) Kelas II Jayapura juga membuka posko bantuan kemanusiaan untuk korban banjir bandang Sentani, Jayapura."
Melihat Cara Leonardo DiCaprio Berinvestasi untuk Lingkungan;"NEW YORK, KOMPAS.com - Aktor kenamaan  Leonardo DiCaprio kini memiliki peran baru, yakni sebagai  investor dan penasihat perusahaan keuangan yang  ramah lingkungan.
Perusahaan itu bernama Aspiration, yang menyediakan konsumen dengan alternatif sadar sosial terhadap bank tradisional.
""Setiap tahun, sekitar 100 miliar dollar AS, pipa, pengeboran dan proyek ekstraksi bahan bakar fosil lainnya didanai dengan uang yang disimpan di bank tradisional,"" kata DiCaprio,  dilansir CNBC, Jumat (22/3/2019).
“Untuk menghadirkan solusi jangka panjang bagi planet kita, kita membutuhkan alternatif yang memberdayakan konsumen setiap hari untuk mengambil tindakan terhadap perubahan iklim,” imbuhnya.
Baca juga: Usai Dipuji Leonardo DiCaprio, Menteri Susi Tidur Pulas di Bandara New York
Investasi ini merupakan yang terbaru dari serangkaian kegiatan sadar lingkungan yang dilakukan aktor tersebut. DiCaprio baru-baru ini menandatangani kontrak untuk menjadi penasihat dana teknologi iklim yang dimiliki oleh perusahaan modal ventura Princeville Capital.
Ia juga menjabat sebagai penasihat untuk Bluon Energy yang berkecimpung di bidang efisiensi energi.
Dengan masuknya  investasi DiCaprio, Aspiration kini telah mengantongi pendanaan lebih dari 100 juta dollar AS melalui skema modal ventura dan investor individu.
Baca juga: Dorong Ekonomi Berbasis Lingkungan, Leonardo DiCaprio Bertemu Trump
Perusahaan ini dipimpin oleh Andrei Cherny, yang ikut mendirikan perusahaan pada 2015 setelah sebelumnya berkarier pada bidang kebijakan yang berkaitan dengan masalah iklim dan sosial. Ia juga pernah bekerja untuk mantan Wakil Presiden AS Al Gore.
""Membunyikan alarm di sekitar perubahan iklim pada saat tidak ada yang mendengarkan,"" kata Cherny.
Hari ini, Aspiration fokus pada pengembangan produk bernama Spend & Save, sebuah alternatif untuk produk tabungan tradisional yang diluncurkan pada bulan Februari lalu."
Pertumbuhan Ekonomi AS Merosot Jika Produksi Boeing 737 Max Berhenti?;"
NEW YORK, KOMPAS.com - Bank investasi AS JP Morgan menilai, penghentian produksi pesawat  Boeing 737 Max dapat berpengaruh terhadap kinerja keuangan Boeing dan bahkan perekonomian AS.
Kepala ekonom JP Morgan Michael Feroli  pertumbuhan ekonomi AS secara tahunan dapat turun 0,6 persentase poin jika produksi pesawat itu dihentikan sementara.
""Tahun ini penjualan 737 diproyeksikan berjumlah sekitar 35 miliar dollar AS, dengan sekitar 90 persen diperhitungkan oleh model Max, atau sekitar seperempat dari total produksi pesawat domestik,"" kata Feroli dikutip dari CNBC Jumat (22/3/2019).
Baca juga: Boeing Rombak Petingginya
Boeing masih memproduksi 737 Max, tetapi pengiriman pesawat itu telah dihentikan sementara karea pejabat AS melakukan penyelidikan atas persetujuan produksi pesawat tersebut.
Awal bulan ini, pesawat Boeing 737 Max 8 yang dioperasikan oleh Ethiopian Airlines jatuh, menandai bencana kedua yang melibatkan pesawat dalam waktu kurang dari enam bulan.
Setelah kecelakaan itu, sejumlah maskapai dan negara menghentikan semua penerbangan yang melibatkan pesawat. Saham Boeing turun tajam sejak itu, anjlok lebih dari 11 persen.
Baca juga: Boeing Dinilai Tak Proaktif Tanggapi Jatuhnya Pesawat Ethiopian Airlines
“Boeing terus memproduksi pesawat,  namun pengirimannya ditunda sambil menunggu selesainya investigasi. Pada prinsipnya, ini berarti bahwa PDB (AS) seharusnya sebagian besar tidak terpengaruh untuk saat ini,” jelas Feroli.
Namun, diketahui bahwa Boeing mengirim e-mail kepada karyawan tentang memperlambat pekerjaan di salah satu pabrik perusahaan minggu depan. Isi e-mail itu menjelaskan terkait fokus pekerjaan di perusahaan Boieng.
"
"Susi ""Sentil"" Sandiaga yang Mau Kaji Ulang Kebijakan Cantrang";"JAKARTA, KOMPAS.com - Menteri Kelautan Perikanan Pujiastuti menyentil calon wakil presiden nomor urut 02  Sandiaga Uno. Sebab, Sandiaga menyebut akan mengkaji ulang kebijakan pelarangan alat tangkap ikan  cantrang bila menang dalam Pemilu 2019.
Pernyataan Susi tersebut disampaikan melalui akun Twitter pribadinya. Susi menanggapi pemberitaan salah satu media online terkait rencana Sandiaga tersebut.
""Pemimpin tidak memiliki visi berkelanjutan, NO WAY,"" tulis Susi, Kamis (21/3/2019) malam.
Baca juga: Susi: Banyak Pemilik Kapal Cantrang Tidak Patuh Bayar Pajak
Seperti ditulis Kompas.com sebelumnya, cantrang merupakan alat penangkap ikan yang menyerupai trawl atau pukat harimau. Bedanya, cantrang menggunakan jaring namun ukurannya lebih kecil.
Satu cantrang terdiri dari kantong, mulut jaring, tali penarik, pelampung dan pemberat.
Cantrang juga dilengkapi dua tali selambar yang bisa mencapai 6.000 meter dalam kapal 30 gross ton (GT). Dengan panjang tali itu, cakupan sapuan tali bisa mencapai 292 hektare.
Baca juga: Susi: Kalau Nelayan Cantrang Nurut Beralih Alat Tangkap, Nanti Saya Kasih SIPIKementerian Kelautan dan Perikanan (KKP) mengungkapkan, cantrang telah mengalami modifikasi, baik dari segi bentuk maupun metode operasi selama puluhan tahun.
Akibatnya, jenis pukat tarik ini berubah menjadi alat tangkap yang merusak lingkungan.
Awalnya cantrang hanya digunakan nelayan dengan menggunakan kapal 5 GT. Namun, saat ini nelayan dengan kapal 30 GT turut menggunakan cantrang.
Baca juga: Susi Perlihatkan Video Tangkapan Ikan di Jawa Timur yang Melimpah tanpa Cantrang
Data KKP menyebutkan, pada tahun 2015, terdapat 13.300 kapal nelayan cantrang. Adapun dasar larangan penggunaan cantrang tertuang dalam Peraturan Menteri Kelautan dan Perikanan Nomor 2 Tahun 2015 yang dikeluarkan oleh Susi.
Meski diterbitkan pada 2015, namun pelaksanaannya ditunda 2 tahun atas dasar permintaan nelayan kepada Ombudsman dan efektif penundaan tersebut selesai Desember 2017 lalu.
Namun demikian, pada Januari 2018, para nelayan menggelar demo besar di depan Istana memprotes aturan tersebut.
Akhirnya, pemerintah sepakat larangan penggunaan cantrang belum diterapkan dalam batas waktu yang tidak ditentukan. Meski begitu, Susi menegaskan tidak mencabut aturan larangan penggunaan cantrang yang telah dibuat sebelumnya.
Baca juga: Susi Janjikan Asuransi Bagi Nelayan yang Beralih dari Cantrang
Penundaan larangan cantrang juga ditegaskan hanya berlaku di wilayah perairan Jawa, terutama di kawasan pantai utara. Di luar wilayah itu, penggunaan cantrang tetap dilarang.
Dalam masa tersebut, pengalihan alat tangkap ikan pengganti cantrang juga terus dilakukan oleh pemerintah. Para nelayan diminta mengunakan alat tangkap ikan yang ramah lingkungan."
Tumbuh 27,9 Persen, Bank DKI Salurkan Kredit Rp 34,7 Triliun pada 2018;"
JAKARTA, KOMPAS.com -  Bank DKI melaporkan  kinerja keuangan untuk tahun 2018. Sepanjang tahun lalu, Bank DKI menyalurkan  kredit sebesar Rp 34,7 triliun.
Capaian tersebut tumbuh 27,9 persen dibandingkan periode yang sama tahun sebelumnya sebesar Rp 27,1 triliun. Pertumbuhan kredit Bank DKI melampaui rata-rata perbankan nasional yang tercatat sebesar 12,9 persen pada tahun 2018.
""?Secara umum, di tahun 2018 Bank DKI mampu mencatatkan pencapaian kinerja yang baik sesuai dengan yang diharapkan. Hal tersebut tercermin pada realisasi penyaluran kredit yang melampaui target perseroan?,"" kata Direktur Keuangan Bank DKI Sigit Prastowo dalam pernyataannya, Jumat (22/3/2019).
Baca juga: Bank DKI Dorong Inklusi Keuangan di Kepulauan Seribu
Peningkatan penyaluran kredit dan pembiayaan, imbuh Sigit, terutama difokuskan kepada segmen mikro yang meningkat cukup signifikan di tahun 2018 sebesar 49,7 persen.
Adapun rasio kredit bermasalah atau NPL gross dan NPL Nett di tahun 2018 masing-masing tercatat sebesar 2,7 persen dan 1,6persen pada tahun 2018 dari sebelumnya 3,8 persen dan 2,3 persen pada 2017.
Dana Pihak Ketiga (DPK) per Desember 2018 tercatat sebesar Rp 37,3 triliun yang didorong pertumbuhan tabungan sebesar 34,4 persen. ?Ke depannya, sebut Sigit, peningkatan dana murah baik tabungan dan giro akan terus menjadi fokus utama Bank DKI dalam melakukan aktivitas penghimpunan DPK?.
Baca juga: Akhir Tahun, Bank DKI Buka 7 Kantor Baru
Per Desember 2018, total aset Bank DKI tercatat sebesar Rp 53 triliun, meningkat 3,1 persen dari Rp 51,4 triliun pada 2017. Pencapaian total aset tersebut didukung perbaikan struktur pendanaan serta optimalisasi dana yang dimiliki sehingga mendorong peningkatan  laba bersih tahun 2018.
Laba bersih per Desember 2018 tercatat sebesar Rp 800,3 miliar, meningkat 12,4 persen dibandingkan laba bersih pada periode yang sama di tahun sebelumnya sebesar Rp 712,2 miliar.
""Pencapaian laba bersih didorong peningkatan pendapatan operasional bank yang didominasi oleh pertumbuhan fee based income sebesar 26,2 persen, seiring degan peningkatan aktivitas produk dan layanan yang terjadi di sepanjang tahun 2018,"" terang Sigit.

"
Imbas Brexit, 7.000 Karyawan di Sektor Keuangan Hengkang dari Inggris;"LONDON, KOMPAS.com - Semakin banyak lembaga  perbankan serta industri keuangan lain yang memindahkan aset dan pekerja mereka dari Inggris lantaran aksi keluarnya Inggris dari Uni Eropa atau  Brexit tinggal menghitung waktu.
Dikutip dari CNN, Jumat (22/3/2019), berdasarkan data lembaga konsultan keuangan Ernst and Young (EY), perusahaan jasa keuangan di Inggris telah mengumumkan rencana untuk memindahkan 1 triliun poundsterling atau setara dengan 1,3 triliun dollar AS ke negara-negara Uni Eropa.
Angka tersebut meningkat dari perkiraan sebelumnya yang hanya sebesar 800 poundsterling atau setara dengan 1,1 triliun dollar AS.
Baca juga: Imbas Brexit, Pertumbuhan Ekonomi Inggris Semakin Anjlok di 2019
Jumlah  pekerjaan yang akan direlokasi dari Inggris dalam waktu dekat sebanyak 7.000 pekerja yang berpotensi membuat Inggris kehilangan pendapatan pajak mereka hingga 600 juta poundsterling atau setara dengan 794 juta dollar AS.
Banyak bank telah mendirikan kantor baru di Jerman, Perancis, Irlandia, dan negara-negara Uni Eropa lain untuk menjaga bisnis regional mereka setelah Brexit benar-benar terjadi.
Hal tersebut berarti mereka juga harus memindahkan aset besar mereka di Inggris untuk memenuhi syarat dari regulator Uni Eropa.
Baca juga: Brexit, Airbus Ancam Pindahkan Pabrik Sayap Pesawat dari Inggris
Perusahaan-perusahaan lain juga sedang memindahkan aset mereka untuk menjaga klien dari goncangan pasar yang liar serta perubahan-perubahan mendadak dalam regulasi yang bisa membuat pecahnya hubungan Inggris dengan mitra dagang terbesarnya.
Sebagai catatan, industri keuangan di Inggris berkontribusi sebesar 12 persen dari perekonomian, dan mempekerjakan hingga 2,2 juta penduduk.
EY pun telah melacak pergerakan dari setidaknya 222 perusahaan jasa keuangan yang terdapat di Inggris sejak referedum Brexit pada Juni 2016. Mereka mengatakan, terdapat peningkatan jumlah yang pasti dari perusahaan yang memutuskan untuk memindakan karyawan, operasi, dan aset mereka untuk mempersiapkan Brexit.
"
Kemenhub Prediksi Bus Akan Jadi Primadona Mudik Lebaran 2019;"JAKARTA, KOMPAS.com - Kementerian Perhubungan ( Kemenhub) memprediksi pemudik yang menggunakan moda transportasi  bus akan meningkat pada periode mudikLebaran 2019.
Direktur Jenderal Perhubungan Darat Kemenhub Budi Setiyadi memprediksi kenaikan ini dipengaruhi karena tiket pesawat yang mahal dan sudah beroperasinya  Tol Trans Jawa.
“Perkiraan saya nanti bus jadi unggulan selain kereta api. (Penumpang) pesawat kalau kita lihat terjadi penurunan,” ujar Budi di kantornya, Jakarta, Kamis (21/3/2019).
Baca juga: Kemenhub Berangkatkan 54.000 Orang dalam Mudik Gratis Lebaran 2019
Budi menambahkan, pada 2018 lalu jumlah penumpang bus mencapai 4,51 juta orang. Tahun ini diprediksi meningkat hingga 4,6 juta orang.
“Kami prediksi naiknya (penumpang bus) 1 sampai 2 persen,” kata Budi.
Senada dengan Budi, Sekretaris Badan Litbang Perhubungan Rosita Sinaga mengakui bahwa ada penurunan penumpang pesawat pada tahun ini. Hal tersebut dikarenakan masyarakat ingin menjajal Tol Trans Jawa.
Baca juga: Rencanakan Anggaran Mudik agar Tak Menguras Kantong
“Yang paling terlihat adalah Tol Trans Jawa dari sebelum dan sesudah dioperasikan. Jadi orang tampaknya ingin mencoba betapa enaknya dari Jakarta dan Surabaya, sehingga penurunan itu terjadi,"" kata Rosita.
Sementara itu, Sekretaris Ditjen Perhubungan Udara Nur Isnin Istiartono membantah adanya penurunan penumpang pesawat pada tahun ini. Menurut dia, penumpang pesawat tetap akan meningkat, tetapi tak akan sebesar tahun lalu.
“Dari tahun lalu itu ada 7 persen, sementara tahun ini 3,17 persen,” tutur Nur."
Bisakah Tol Layang Jakarta-Cikampek Beroperasi saat Mudik Lebaran 2019?;"JAKARTA, KOMPAS.com - Jalan  Tol Jakarta-Cikampek elevated ditargetkan bisa digunakan saat arus  mudik  Lebaran 2019.
Namun, hingga kini progres pembangunan  proyek tersebut baru 70 persen. Hal tersebut diungkapkan Dirjen Perhubungan Darat Kementerian Perhubungan Budi Setiyadi saat menggelar konferensi pers di kantornya, Kamis (21/3/2019).
“Japek Elevated II sampai sekarang progresnya sudah 70 persen,"" ujar Budi.
Budi mengaku mengetahui hal tersebut setelah pihaknya berkoordinasi dengan Jasa Marga selaku operator jalan tol tersebut.
Baca juga: Masuki Libur Natal dan Tahun Baru, Pengerjaan Proyek di Tol Jakarta-Cikampek Disetop
Budi berharap Tol Jakarta-Cikampek Elevated bisa beroperasi saat arus mudik Lebaran 2019. Sebab, dengan beroperasinya ruas tol layang tersebut diharapkan mampu mengurai kemacetan.
Namun, jika nantinya ruas tol tersebut tak bisa digunakan, Kemenhub akan menyiapkan strategi lainnya untuk mengantisipasi terjadinya kemacetan.
“Saat mendekati mudik, kita tetap akan memberlakukan pembatasan kendaraan barang. Akhir Maret keputusan pembatasan barang sumbu tiga ke atas di beberapa jalan tol dan jalan negara akan kita finalisasi,"" kata Budi.
Baca juga: Dua Rekomendasi Kemenhub untuk Urai Macet Tol Jakarta-Cikampek
Untuk diketahui, proyek ini merupakan prakarsa badan usaha atau unsolicited project yang dipegang PT JJC, anak usaha PT Jasa Marga (Persero) Tbk. Biaya konstruksi tol ini mencapai Rp 13,53 triliun.
Tingginya biaya konstruksi disebabkan karena seluruh konstruksi merupakan jalan layang."
